-- MySQL Script generated by MySQL Workbench
-- Fri Oct  7 11:03:06 2022
-- Model: New Model    Version: 1.0
-- MySQL Workbench Forward Engineering

SET @OLD_UNIQUE_CHECKS=@@UNIQUE_CHECKS, UNIQUE_CHECKS=0;
SET @OLD_FOREIGN_KEY_CHECKS=@@FOREIGN_KEY_CHECKS, FOREIGN_KEY_CHECKS=0;
SET @OLD_SQL_MODE=@@SQL_MODE, SQL_MODE='ONLY_FULL_GROUP_BY,STRICT_TRANS_TABLES,NO_ZERO_IN_DATE,NO_ZERO_DATE,ERROR_FOR_DIVISION_BY_ZERO,NO_ENGINE_SUBSTITUTION';

-- -----------------------------------------------------
-- Schema bookingmodels
-- -----------------------------------------------------
DROP SCHEMA IF EXISTS `bookingmodels` ;

-- -----------------------------------------------------
-- Schema bookingmodels
-- -----------------------------------------------------
CREATE SCHEMA IF NOT EXISTS `bookingmodels` DEFAULT CHARACTER SET utf8 ;
USE `bookingmodels` ;

-- -----------------------------------------------------
-- Table `bookingmodels`.`eventCategories`
-- -----------------------------------------------------
DROP TABLE IF EXISTS `bookingmodels`.`eventCategories` ;

CREATE TABLE IF NOT EXISTS `bookingmodels`.`eventCategories` (
  `eventCategoryId` INT NOT NULL auto_increment,
  `eventCategoryName` VARCHAR(100) NOT NULL,
  `eventCategoryDescription` TEXT(500) NULL,
  `eventCategoryDuration` INT NOT NULL,
  PRIMARY KEY (`eventCategoryId`),
  UNIQUE INDEX `eventCategoryName_UNIQUE` (`eventCategoryName` ASC) VISIBLE,
  CONSTRAINT time_duration CHECK (eventCategoryDuration BETWEEN 1 AND 480)
  )
ENGINE = InnoDB;


-- -----------------------------------------------------
-- Table `bookingmodels`.`events`
-- -----------------------------------------------------
DROP TABLE IF EXISTS `bookingmodels`.`events` ;

CREATE TABLE IF NOT EXISTS `bookingmodels`.`events` (
  `eventId` INT NOT NULL auto_increment,
  `bookingName` VARCHAR(100) NOT NULL,
  `bookingEmail` VARCHAR(50) NOT NULL,
  `eventStartTime` DATETIME NOT NULL,
  `eventDuration` INT NOT NULL,
  `eventNotes` TEXT(500) NULL,
  `eventCategoryId` INT NOT NULL,
  PRIMARY KEY (`eventId`),
  INDEX `fk_event_eventCategory_idx` (`eventCategoryId` ASC) VISIBLE,
  CONSTRAINT `fk_event_eventCategory`
    FOREIGN KEY (`eventCategoryId`)
    REFERENCES `bookingmodels`.`eventCategories` (`eventCategoryId`)
    ON DELETE NO ACTION
    ON UPDATE NO ACTION)
ENGINE = InnoDB;


-- -----------------------------------------------------
-- Table `bookingmodels`.`users`
-- -----------------------------------------------------
DROP TABLE IF EXISTS `bookingmodels`.`users` ;

CREATE TABLE IF NOT EXISTS `bookingmodels`.`users` (
  `userId` INT NOT NULL auto_increment,
  `userName` VARCHAR(100) NOT NULL,
  `userEmail` VARCHAR(50) NOT NULL,
  `userRole` ENUM('admin', 'lecturer', 'student') NOT NULL DEFAULT 'student',
  `createdOn` DATETIME NOT NULL DEFAULT now(),
  `updatedOn` DATETIME NOT NULL DEFAULT now(),
  `userPassword` VARCHAR(100) NOT NULL,
  PRIMARY KEY (`userId`),
  UNIQUE INDEX `name_UNIQUE` (`userName` ASC) VISIBLE,
  UNIQUE INDEX `email_UNIQUE` (`userEmail` ASC) VISIBLE)
ENGINE = InnoDB;


-- -----------------------------------------------------
-- Table `bookingmodels`.`eventCategoryOwners`
-- -----------------------------------------------------
DROP TABLE IF EXISTS `bookingmodels`.`eventCategoryOwners` ;

CREATE TABLE IF NOT EXISTS `bookingmodels`.`eventCategoryOwners` (
  `eventCategoryOwnerId` INT NOT NULL auto_increment,
  `userId` INT NOT NULL,
  `eventCategoryId` INT NOT NULL,
  PRIMARY KEY (`eventCategoryOwnerId`),
  INDEX `fk_eventCategoryOwners_users_idx` (`userId` ASC) VISIBLE,
  INDEX `fk_eventCategoryOwners_eventCategories_idx` (`eventCategoryId` ASC) VISIBLE,
  CONSTRAINT `fk_eventCategoryOwners_users`
    FOREIGN KEY (`userId`)
    REFERENCES `bookingmodels`.`users` (`userId`)
    ON DELETE NO ACTION
    ON UPDATE NO ACTION,
  CONSTRAINT `fk_eventCategoryOwners_eventCategories`
    FOREIGN KEY (`eventCategoryId`)
    REFERENCES `bookingmodels`.`eventCategories` (`eventCategoryId`)
    ON DELETE NO ACTION
    ON UPDATE NO ACTION)
ENGINE = InnoDB;


SET SQL_MODE=@OLD_SQL_MODE;
SET FOREIGN_KEY_CHECKS=@OLD_FOREIGN_KEY_CHECKS;
SET UNIQUE_CHECKS=@OLD_UNIQUE_CHECKS;


use bookingmodels;

set names utf8;
insert  into eventCategories(eventCategoryId,eventCategoryName,eventCategoryDescription,eventCategoryDuration) 
values 
(1,'Project Management Clinic','ตารางนัดหมายนี้ใช้สำหรับนัดหมาย project management clinic ในวิชา INT221 integrated project I ให้นักศึกษาเตรียมเอกสารที่เกี่ยวข้อง เพื่อแสดงระหว่างขอคำปรึกษา',30),
(2,'DevOps/Infra Clinic','Use this event category for DevOps/Infra clinic.',30),
(3,'Database Clinic','ตารางนัดหมายนี้ใช้สำหรับนัดหมาย database clinic ในวิชา INT221 integrated project I',15),
(4,'Client-side Clinic','ตารางนัดหมายนี้ใช้สำหรับนัดหมาย client-side clinic ในวิชา INT221 integrated project I',30),
(5,'Server-side Clinic',null,30);


insert  into events(eventId,bookingName,bookingEmail,eventStartTime,eventDuration,eventNotes,eventCategoryId) 
values 
(1,'Somchai Jaidee (OR-7)','somchai.jai@mail.kmutt.ac.th','2022-05-23 13:30:00+07:00',(select eventCategoryDuration from eventCategories where eventCategoryId=2),null,2),
(2,'Somsri Rakdee (SJ-3)','somsri.rak@mail.kmutt.ac.th','2022-04-27 09:30:00+07:00',(select eventCategoryDuration from eventCategories where eventCategoryId=1),'ขอปรึกษาปัญหาเพื่อนไม่ช่วยงาน',1),
(3,'สมเกียรติ ขยันเรียน กลุ่ม TT-4','somkiat.kay@kmutt.ac.th','2022-05-23 16:30:00+07:00',(select eventCategoryDuration from eventCategories where eventCategoryId=3),null,3);

insert  into users(userId,userName,userEmail,userRole,userPassword,createdOn,updatedOn) 
values 
(1,'OASIP ADMIN','oasip.admin@kmutt.ac.th','admin','$argon2id$v=19$m=4096,t=3,p=1$sYXzbUOqBoHY1NfhJ8cjnw$H6+adWySiFPgcUogJK3hEhcF6Y4fusy7tcXYEL+f0cQ','2022-08-01 00:00:00+07:00','2022-08-01 00:00:00+07:00'),
(2,'Olarn Rojanapornpun','olarn.roj@kmutt.ac.th','lecturer','$argon2id$v=19$m=4096,t=3,p=1$Sx7y2jxKZSjpWUV4srd8eg$AMH09iFiPQgAZ00cAdN3Gucqfhx2kRo3tQbHeLSR0RE','2022-08-08 15:00:00+07:00','2022-08-08 15:00:00+07:00'),
(3,'Pichet Limvachiranan','pichet.limv@kmutt.ac.th','lecturer','$argon2id$v=19$m=4096,t=3,p=1$46EB43gQ46Z1/EmdqxtKNA$7m6cWGO2iDlFl/ETDYuYf+ArnSjRnsNwXLIP18DTYQY','2022-08-08 15:00:01+07:00','2022-08-08 15:00:01+07:00'),
(4,'Umaporn Supasitthimethee','umaporn.sup@kmutt.ac.th','lecturer','$argon2id$v=19$m=4096,t=3,p=1$1Z2UK1zC76FIQeLH54GVAQ$qfXcHF31LnuWpt37QAcWyNp8PdbOQ+jjaV1xWXixS0M','2022-08-08 15:00:02+07:00','2022-08-08 15:00:02+07:00'),
(5,'Siam Yamsaengsung','siam.yam@kmutt.ac.th','lecturer','$argon2id$v=19$m=4096,t=3,p=1$C4pPaNWKTnZQX2mPs14jlg$rQ5W5NYKqGOu1B4GkUWq8cFbcg2peFWGjpUMr9Nkm8g','2022-08-08 15:00:03+07:00','2022-08-08 15:00:03+07:00'),
(6,'Sunisa Sathapornvajana','sunisa.sat@kmutt.ac.th','lecturer','$argon2id$v=19$m=4096,t=3,p=1$29/ffaszvjvi3CZO45bSCg$kKpfq5WEswoqa/LfyIZzQaQ6AFdjhyiYjXRCfMiTnwg','2022-08-08 15:00:04+07:00','2022-08-08 15:00:04+07:00'),
(7,'Somchai Jaidee','somchai.jai@kmutt.ac.th','student','$argon2id$v=19$m=4096,t=3,p=1$dmsOy7LPTjmooPu+P2oTZA$NZFTFd3f0K1Sp19aaUwyn3jgiy15yFcXhp8E4/1yXoI','2022-08-08 16:00:00+07:00','2022-08-08 16:00:00+07:00'),
(8,'Komkrid Rakdee','komkrid.rak@mail.kmutt.ac.th','student','$argon2id$v=19$m=4096,t=3,p=1$8W61ZOC5RU7sJP5kKRbSqg$OLwZNPeMqxp+g0Vbn+odcA47XMClFN+IswTueVah7F0','2022-08-08 16:00:00+07:00','2022-08-08 16:00:00+07:00'),
(9,'สมเกียรติ ขยันเรียน','somkiat.kay@kmutt.ac.th','student','$argon2id$v=19$m=4096,t=3,p=1$gBqgjspF45FcIKQEw8GmaQ$alrOCZ0YrDqOu8/aZiLDMGZo4vFkSEAXA0YoHhY0BDQ','2022-08-16 09:00:00+07:00','2022-08-16 09:00:00+07:00');

insert into eventCategoryOwners(eventCategoryOwnerId,userId, eventCategoryId)
values
    (1,2,1),
    (2,2,2),
    (3,5,2),
    (4,6,3),
    (5,4,4),
    (6,3,5),
    (7,2,5);

-- DROP USER 'dev'@'%';
CREATE USER 'dev'@'%' IDENTIFIED BY 'int221';
GRANT CREATE, DROP, DELETE, INSERT, SELECT, UPDATE, REFERENCES, ALTER ON bookingmodels.* TO 'dev'@'%';

-- DROP USER 'admin'@'%';
CREATE USER 'admin'@'%' IDENTIFIED BY 'admin';
GRANT SELECT, UPDATE ON bookingmodels.eventCategories TO 'admin'@'%';
GRANT DELETE, INSERT, SELECT, UPDATE ON bookingmodels.events TO 'admin'@'%';


